{
"meta":{"test_sets":[],"test_metrics":[],"learn_metrics":[{"best_value":"Min","name":"RMSE"}],"launch_mode":"Train","parameters":"","iteration_count":100,"learn_sets":["learn"],"name":"experiment"},
"iterations":[
{"learn":[2.551337635],"iteration":0,"passed_time":0.0009958082709,"remaining_time":0.09858501882},
{"learn":[2.468451645],"iteration":1,"passed_time":0.002113792914,"remaining_time":0.1035758528},
{"learn":[2.407854802],"iteration":2,"passed_time":0.00299535108,"remaining_time":0.09684968493},
{"learn":[2.314608128],"iteration":3,"passed_time":0.003543043138,"remaining_time":0.0850330353},
{"learn":[2.227798619],"iteration":4,"passed_time":0.004032743632,"remaining_time":0.076622129},
{"learn":[2.139795929],"iteration":5,"passed_time":0.004471875562,"remaining_time":0.0700593838},
{"learn":[2.068813382],"iteration":6,"passed_time":0.004949449435,"remaining_time":0.06575697107},
{"learn":[2.001242804],"iteration":7,"passed_time":0.005450767104,"remaining_time":0.0626838217},
{"learn":[1.950329575],"iteration":8,"passed_time":0.006026495974,"remaining_time":0.06093457041},
{"learn":[1.898706919],"iteration":9,"passed_time":0.006455303906,"remaining_time":0.05809773516},
{"learn":[1.869363428],"iteration":10,"passed_time":0.006886889285,"remaining_time":0.05572119512},
{"learn":[1.820913074],"iteration":11,"passed_time":0.007604715627,"remaining_time":0.0557679146},
{"learn":[1.774875379],"iteration":12,"passed_time":0.008472845347,"remaining_time":0.05670288809},
{"learn":[1.733965237],"iteration":13,"passed_time":0.01114555583,"remaining_time":0.06846555726},
{"learn":[1.670139966],"iteration":14,"passed_time":0.01253135614,"remaining_time":0.07101101814},
{"learn":[1.630507359],"iteration":15,"passed_time":0.01320120192,"remaining_time":0.06930631009},
{"learn":[1.588138207],"iteration":16,"passed_time":0.01367002585,"remaining_time":0.0667418909},
{"learn":[1.557026225],"iteration":17,"passed_time":0.01411293023,"remaining_time":0.06429223771},
{"learn":[1.536146388],"iteration":18,"passed_time":0.01459059059,"remaining_time":0.06220199146},
{"learn":[1.514278077],"iteration":19,"passed_time":0.01493966841,"remaining_time":0.05975867364},
{"learn":[1.478550449],"iteration":20,"passed_time":0.01625476449,"remaining_time":0.06114887593},
{"learn":[1.448415512],"iteration":21,"passed_time":0.01688009616,"remaining_time":0.05984761365},
{"learn":[1.406384119],"iteration":22,"passed_time":0.01745626364,"remaining_time":0.05844053478},
{"learn":[1.390720916],"iteration":23,"passed_time":0.01801347331,"remaining_time":0.05704266548},
{"learn":[1.364916808],"iteration":24,"passed_time":0.01853796973,"remaining_time":0.05561390919},
{"learn":[1.346467227],"iteration":25,"passed_time":0.01911861061,"remaining_time":0.05441450713},
{"learn":[1.327340476],"iteration":26,"passed_time":0.01974441055,"remaining_time":0.05338303592},
{"learn":[1.313836448],"iteration":27,"passed_time":0.02029680952,"remaining_time":0.05219179591},
{"learn":[1.284878308],"iteration":28,"passed_time":0.02074817268,"remaining_time":0.05079725035},
{"learn":[1.273380585],"iteration":29,"passed_time":0.02155129144,"remaining_time":0.05028634669},
{"learn":[1.264565499],"iteration":30,"passed_time":0.02201206554,"remaining_time":0.0489945975},
{"learn":[1.2493761],"iteration":31,"passed_time":0.02240823435,"remaining_time":0.047617498},
{"learn":[1.235574794],"iteration":32,"passed_time":0.02285819026,"remaining_time":0.04640905294},
{"learn":[1.210287657],"iteration":33,"passed_time":0.02341826592,"remaining_time":0.04545898679},
{"learn":[1.191929367],"iteration":34,"passed_time":0.02442502748,"remaining_time":0.04536076532},
{"learn":[1.178023996],"iteration":35,"passed_time":0.02530723759,"remaining_time":0.04499064461},
{"learn":[1.158870113],"iteration":36,"passed_time":0.0265522369,"remaining_time":0.04521056553},
{"learn":[1.145799372],"iteration":37,"passed_time":0.0274277612,"remaining_time":0.04475055775},
{"learn":[1.134419756],"iteration":38,"passed_time":0.02801456856,"remaining_time":0.04381765852},
{"learn":[1.1274449],"iteration":39,"passed_time":0.02875357705,"remaining_time":0.04313036558},
{"learn":[1.099001343],"iteration":40,"passed_time":0.02937272989,"remaining_time":0.04226807472},
{"learn":[1.072615044],"iteration":41,"passed_time":0.02999917683,"remaining_time":0.04142743466},
{"learn":[1.068548183],"iteration":42,"passed_time":0.03072864341,"remaining_time":0.040733318},
{"learn":[1.061894469],"iteration":43,"passed_time":0.03131318029,"remaining_time":0.03985313855},
{"learn":[1.053283406],"iteration":44,"passed_time":0.03205184037,"remaining_time":0.03917447156},
{"learn":[1.049810453],"iteration":45,"passed_time":0.03232809957,"remaining_time":0.03795037776},
{"learn":[1.028369497],"iteration":46,"passed_time":0.03282746389,"remaining_time":0.03701820396},
{"learn":[1.015784671],"iteration":47,"passed_time":0.033253391,"remaining_time":0.03602450692},
{"learn":[1.004707195],"iteration":48,"passed_time":0.03378575109,"remaining_time":0.03516476134},
{"learn":[0.9855535927],"iteration":49,"passed_time":0.03429989386,"remaining_time":0.03429989386},
{"learn":[0.978683106],"iteration":50,"passed_time":0.03474291026,"remaining_time":0.03338044319},
{"learn":[0.9687306614],"iteration":51,"passed_time":0.03527520487,"remaining_time":0.03256172757},
{"learn":[0.9656425272],"iteration":52,"passed_time":0.03576515864,"remaining_time":0.03171627276},
{"learn":[0.9475053746],"iteration":53,"passed_time":0.03622091613,"remaining_time":0.03085485448},
{"learn":[0.9449062394],"iteration":54,"passed_time":0.03664312474,"remaining_time":0.02998073842},
{"learn":[0.934188606],"iteration":55,"passed_time":0.03705787823,"remaining_time":0.02911690432},
{"learn":[0.9216454987],"iteration":56,"passed_time":0.03774181469,"remaining_time":0.02847189529},
{"learn":[0.9095302752],"iteration":57,"passed_time":0.03850935997,"remaining_time":0.02788608826},
{"learn":[0.9014061818],"iteration":58,"passed_time":0.03903075318,"remaining_time":0.02712306577},
{"learn":[0.8906861001],"iteration":59,"passed_time":0.03998938921,"remaining_time":0.02665959281},
{"learn":[0.8796705285],"iteration":60,"passed_time":0.04080286327,"remaining_time":0.02608707652},
{"learn":[0.8732149939],"iteration":61,"passed_time":0.04138906564,"remaining_time":0.02536749184},
{"learn":[0.8699759702],"iteration":62,"passed_time":0.04183555426,"remaining_time":0.02457008742},
{"learn":[0.8663308505],"iteration":63,"passed_time":0.04229071458,"remaining_time":0.02378852695},
{"learn":[0.8554708149],"iteration":64,"passed_time":0.04276098983,"remaining_time":0.02302514837},
{"learn":[0.8408964955],"iteration":65,"passed_time":0.04324755828,"remaining_time":0.02227904518},
{"learn":[0.8260309309],"iteration":66,"passed_time":0.04452025999,"remaining_time":0.02192788925},
{"learn":[0.8246839115],"iteration":67,"passed_time":0.04502408988,"remaining_time":0.021187807},
{"learn":[0.8195480828],"iteration":68,"passed_time":0.04572812206,"remaining_time":0.02054451861},
{"learn":[0.8180637714],"iteration":69,"passed_time":0.04616484226,"remaining_time":0.0197849324},
{"learn":[0.8036196675],"iteration":70,"passed_time":0.04667152208,"remaining_time":0.01906301606},
{"learn":[0.8014553299],"iteration":71,"passed_time":0.04709456755,"remaining_time":0.01831455405},
{"learn":[0.7925239558],"iteration":72,"passed_time":0.04756109012,"remaining_time":0.01759108813},
{"learn":[0.7803560811],"iteration":73,"passed_time":0.04805529737,"remaining_time":0.01688429367},
{"learn":[0.7720158056],"iteration":74,"passed_time":0.04860853938,"remaining_time":0.01620284646},
{"learn":[0.7623085181],"iteration":75,"passed_time":0.04906586516,"remaining_time":0.01549448373},
{"learn":[0.7557453243],"iteration":76,"passed_time":0.04962494829,"remaining_time":0.0148230365},
{"learn":[0.74898448],"iteration":77,"passed_time":0.05008055752,"remaining_time":0.01412528545},
{"learn":[0.7477893401],"iteration":78,"passed_time":0.05047854583,"remaining_time":0.01341834763},
{"learn":[0.7465539981],"iteration":79,"passed_time":0.05087340746,"remaining_time":0.01271835187},
{"learn":[0.7345875126],"iteration":80,"passed_time":0.05138789536,"remaining_time":0.01205395076},
{"learn":[0.7232809375],"iteration":81,"passed_time":0.05209955934,"remaining_time":0.01143648864},
{"learn":[0.7101947441],"iteration":82,"passed_time":0.05335285022,"remaining_time":0.01092769221},
{"learn":[0.7045694564],"iteration":83,"passed_time":0.05415902689,"remaining_time":0.01031600512},
{"learn":[0.6947767303],"iteration":84,"passed_time":0.05536813436,"remaining_time":0.009770847241},
{"learn":[0.6870937751],"iteration":85,"passed_time":0.05611408195,"remaining_time":0.009134850549},
{"learn":[0.6794789964],"iteration":86,"passed_time":0.05671268316,"remaining_time":0.008474308978},
{"learn":[0.6707511324],"iteration":87,"passed_time":0.05734354048,"remaining_time":0.007819573702},
{"learn":[0.664489723],"iteration":88,"passed_time":0.05861931699,"remaining_time":0.007245084122},
{"learn":[0.6560251482],"iteration":89,"passed_time":0.05922633003,"remaining_time":0.006580703336},
{"learn":[0.6471349719],"iteration":90,"passed_time":0.06014305271,"remaining_time":0.005948214005},
{"learn":[0.6403881939],"iteration":91,"passed_time":0.06059906348,"remaining_time":0.005269483781},
{"learn":[0.6339505586],"iteration":92,"passed_time":0.06105848593,"remaining_time":0.004595800016},
{"learn":[0.6265043701],"iteration":93,"passed_time":0.06146051275,"remaining_time":0.003923011452},
{"learn":[0.6203530073],"iteration":94,"passed_time":0.06192922631,"remaining_time":0.003259432963},
{"learn":[0.6151433687],"iteration":95,"passed_time":0.06240398608,"remaining_time":0.002600166087},
{"learn":[0.6089179272],"iteration":96,"passed_time":0.06294988622,"remaining_time":0.001946903698},
{"learn":[0.6017665649],"iteration":97,"passed_time":0.06373937267,"remaining_time":0.001300803524},
{"learn":[0.5957160606],"iteration":98,"passed_time":0.06421326594,"remaining_time":0.0006486188478},
{"learn":[0.5911287016],"iteration":99,"passed_time":0.06470105426,"remaining_time":0}
]}