{
"meta":{"test_sets":[],"test_metrics":[],"learn_metrics":[{"best_value":"Min","name":"RMSE"}],"launch_mode":"Train","parameters":"","iteration_count":100,"learn_sets":["learn"],"name":"experiment"},
"iterations":[
{"learn":[2.551337635],"iteration":0,"passed_time":0.001819261264,"remaining_time":0.1801068651},
{"learn":[2.468451645],"iteration":1,"passed_time":0.004051821235,"remaining_time":0.1985392405},
{"learn":[2.407854802],"iteration":2,"passed_time":0.004989098771,"remaining_time":0.1613141936},
{"learn":[2.314608128],"iteration":3,"passed_time":0.006058409084,"remaining_time":0.145401818},
{"learn":[2.227798619],"iteration":4,"passed_time":0.007838855218,"remaining_time":0.1489382491},
{"learn":[2.139795929],"iteration":5,"passed_time":0.008794251509,"remaining_time":0.137776607},
{"learn":[2.068813382],"iteration":6,"passed_time":0.009622512335,"remaining_time":0.1278419496},
{"learn":[2.001242804],"iteration":7,"passed_time":0.01039387053,"remaining_time":0.1195295111},
{"learn":[1.950329575],"iteration":8,"passed_time":0.01203345056,"remaining_time":0.1216715557},
{"learn":[1.898706919],"iteration":9,"passed_time":0.01289621506,"remaining_time":0.1160659356},
{"learn":[1.869363428],"iteration":10,"passed_time":0.01368094929,"remaining_time":0.110691317},
{"learn":[1.820913074],"iteration":11,"passed_time":0.01444020776,"remaining_time":0.1058948569},
{"learn":[1.774875379],"iteration":12,"passed_time":0.0152084033,"remaining_time":0.1017793144},
{"learn":[1.733965237],"iteration":13,"passed_time":0.01599928073,"remaining_time":0.09828129593},
{"learn":[1.670139966],"iteration":14,"passed_time":0.01680223705,"remaining_time":0.09521267664},
{"learn":[1.630507359],"iteration":15,"passed_time":0.01754646482,"remaining_time":0.09211894032},
{"learn":[1.588138207],"iteration":16,"passed_time":0.01851763393,"remaining_time":0.09040962447},
{"learn":[1.557026225],"iteration":17,"passed_time":0.01967765094,"remaining_time":0.08964263205},
{"learn":[1.536146388],"iteration":18,"passed_time":0.0205082202,"remaining_time":0.08742978086},
{"learn":[1.514278077],"iteration":19,"passed_time":0.02105394754,"remaining_time":0.08421579015},
{"learn":[1.478550449],"iteration":20,"passed_time":0.02184759384,"remaining_time":0.08218856732},
{"learn":[1.448415512],"iteration":21,"passed_time":0.02267427126,"remaining_time":0.08039059812},
{"learn":[1.406384119],"iteration":22,"passed_time":0.02354836338,"remaining_time":0.07883582521},
{"learn":[1.390720916],"iteration":23,"passed_time":0.02438348702,"remaining_time":0.07721437556},
{"learn":[1.364916808],"iteration":24,"passed_time":0.02515524606,"remaining_time":0.07546573819},
{"learn":[1.346467227],"iteration":25,"passed_time":0.02596921123,"remaining_time":0.07391237041},
{"learn":[1.327340476],"iteration":26,"passed_time":0.02673044312,"remaining_time":0.07227119806},
{"learn":[1.313836448],"iteration":27,"passed_time":0.02760230638,"remaining_time":0.07097735925},
{"learn":[1.284878308],"iteration":28,"passed_time":0.02845368035,"remaining_time":0.0696624588},
{"learn":[1.273380585],"iteration":29,"passed_time":0.02928610721,"remaining_time":0.06833425015},
{"learn":[1.264565499],"iteration":30,"passed_time":0.0299018782,"remaining_time":0.06655579341},
{"learn":[1.2493761],"iteration":31,"passed_time":0.03067190466,"remaining_time":0.06517779741},
{"learn":[1.235574794],"iteration":32,"passed_time":0.0318757462,"remaining_time":0.0647174241},
{"learn":[1.210287657],"iteration":33,"passed_time":0.0328900423,"remaining_time":0.06384537623},
{"learn":[1.191929367],"iteration":34,"passed_time":0.0338830645,"remaining_time":0.06292569121},
{"learn":[1.178023996],"iteration":35,"passed_time":0.03464958747,"remaining_time":0.06159926661},
{"learn":[1.158870113],"iteration":36,"passed_time":0.03561513464,"remaining_time":0.06064198602},
{"learn":[1.145799372],"iteration":37,"passed_time":0.03651858728,"remaining_time":0.0595829582},
{"learn":[1.134419756],"iteration":38,"passed_time":0.03755284514,"remaining_time":0.05873650137},
{"learn":[1.1274449],"iteration":39,"passed_time":0.03908552939,"remaining_time":0.05862829409},
{"learn":[1.099001343],"iteration":40,"passed_time":0.04017647071,"remaining_time":0.05781492126},
{"learn":[1.072615044],"iteration":41,"passed_time":0.04121879935,"remaining_time":0.05692119911},
{"learn":[1.068548183],"iteration":42,"passed_time":0.04224766654,"remaining_time":0.05600272077},
{"learn":[1.061894469],"iteration":43,"passed_time":0.04359421552,"remaining_time":0.05548354702},
{"learn":[1.053283406],"iteration":44,"passed_time":0.0473118092,"remaining_time":0.05782554458},
{"learn":[1.049810453],"iteration":45,"passed_time":0.04776889369,"remaining_time":0.05607652737},
{"learn":[1.028369497],"iteration":46,"passed_time":0.04870087098,"remaining_time":0.05491800344},
{"learn":[1.015784671],"iteration":47,"passed_time":0.0495801825,"remaining_time":0.05371186437},
{"learn":[1.004707195],"iteration":48,"passed_time":0.05052602043,"remaining_time":0.05258830698},
{"learn":[0.9855535927],"iteration":49,"passed_time":0.05260134063,"remaining_time":0.05260134063},
{"learn":[0.978683106],"iteration":50,"passed_time":0.0540115413,"remaining_time":0.05189344164},
{"learn":[0.9687306614],"iteration":51,"passed_time":0.05587712595,"remaining_time":0.0515788855},
{"learn":[0.9656425272],"iteration":52,"passed_time":0.05678176198,"remaining_time":0.05035363798},
{"learn":[0.9475053746],"iteration":53,"passed_time":0.05771241838,"remaining_time":0.04916243047},
{"learn":[0.9449062394],"iteration":54,"passed_time":0.05935363932,"remaining_time":0.04856206853},
{"learn":[0.934188606],"iteration":55,"passed_time":0.06055901509,"remaining_time":0.04758208329},
{"learn":[0.9216454987],"iteration":56,"passed_time":0.06186177287,"remaining_time":0.04666765322},
{"learn":[0.9095302752],"iteration":57,"passed_time":0.06919720688,"remaining_time":0.05010832222},
{"learn":[0.9014061818],"iteration":58,"passed_time":0.07797922908,"remaining_time":0.0541889558},
{"learn":[0.8906861001],"iteration":59,"passed_time":0.0791151158,"remaining_time":0.05274341053},
{"learn":[0.8796705285],"iteration":60,"passed_time":0.08028995516,"remaining_time":0.05133292215},
{"learn":[0.8732149939],"iteration":61,"passed_time":0.08136392736,"remaining_time":0.04986821354},
{"learn":[0.8699759702],"iteration":62,"passed_time":0.08286778694,"remaining_time":0.04866838281},
{"learn":[0.8663308505],"iteration":63,"passed_time":0.08431988955,"remaining_time":0.04742993787},
{"learn":[0.8554708149],"iteration":64,"passed_time":0.08539358715,"remaining_time":0.04598116231},
{"learn":[0.8408964955],"iteration":65,"passed_time":0.1277832732,"remaining_time":0.06582774679},
{"learn":[0.8260309309],"iteration":66,"passed_time":0.1474590174,"remaining_time":0.07262906825},
{"learn":[0.8246839115],"iteration":67,"passed_time":0.1485397807,"remaining_time":0.06990107327},
{"learn":[0.8195480828],"iteration":68,"passed_time":0.150660728,"remaining_time":0.06768815317},
{"learn":[0.8180637714],"iteration":69,"passed_time":0.1535759979,"remaining_time":0.06581828482},
{"learn":[0.8036196675],"iteration":70,"passed_time":0.1554672021,"remaining_time":0.06350068818},
{"learn":[0.8014553299],"iteration":71,"passed_time":0.1566040905,"remaining_time":0.06090159076},
{"learn":[0.7925239558],"iteration":72,"passed_time":0.1576857297,"remaining_time":0.05832211922},
{"learn":[0.7803560811],"iteration":73,"passed_time":0.1587833355,"remaining_time":0.05578873951},
{"learn":[0.7720158056],"iteration":74,"passed_time":0.1616578419,"remaining_time":0.05388594729},
{"learn":[0.7623085181],"iteration":75,"passed_time":0.1738476717,"remaining_time":0.05489926476},
{"learn":[0.7557453243],"iteration":76,"passed_time":0.1771299686,"remaining_time":0.05290895167},
{"learn":[0.74898448],"iteration":77,"passed_time":0.1782730124,"remaining_time":0.05028213169},
{"learn":[0.7477893401],"iteration":78,"passed_time":0.1981786547,"remaining_time":0.05268040187},
{"learn":[0.7465539981],"iteration":79,"passed_time":0.2009420234,"remaining_time":0.05023550584},
{"learn":[0.7345875126],"iteration":80,"passed_time":0.2023021755,"remaining_time":0.04745359672},
{"learn":[0.7232809375],"iteration":81,"passed_time":0.20414638,"remaining_time":0.04481261999},
{"learn":[0.7101947441],"iteration":82,"passed_time":0.2051079678,"remaining_time":0.04201006569},
{"learn":[0.7045694564],"iteration":83,"passed_time":0.2059399105,"remaining_time":0.03922664961},
{"learn":[0.6947767303],"iteration":84,"passed_time":0.2067585675,"remaining_time":0.03648680603},
{"learn":[0.6870937751],"iteration":85,"passed_time":0.2133644619,"remaining_time":0.03473374962},
{"learn":[0.6794789964],"iteration":86,"passed_time":0.2187823489,"remaining_time":0.03269161535},
{"learn":[0.6707511324],"iteration":87,"passed_time":0.2199104719,"remaining_time":0.02998779162},
{"learn":[0.664489723],"iteration":88,"passed_time":0.2212128038,"remaining_time":0.02734090834},
{"learn":[0.6560251482],"iteration":89,"passed_time":0.2374652367,"remaining_time":0.0263850263},
{"learn":[0.6471349719],"iteration":90,"passed_time":0.2399012078,"remaining_time":0.02372649307},
{"learn":[0.6403881939],"iteration":91,"passed_time":0.2409755808,"remaining_time":0.02095439833},
{"learn":[0.6339505586],"iteration":92,"passed_time":0.2421419656,"remaining_time":0.01822573935},
{"learn":[0.6265043701],"iteration":93,"passed_time":0.2432989616,"remaining_time":0.01552972096},
{"learn":[0.6203530073],"iteration":94,"passed_time":0.2457303454,"remaining_time":0.01293317607},
{"learn":[0.6151433687],"iteration":95,"passed_time":0.2562856626,"remaining_time":0.01067856927},
{"learn":[0.6089179272],"iteration":96,"passed_time":0.2574025292,"remaining_time":0.007960902966},
{"learn":[0.6017665649],"iteration":97,"passed_time":0.2586089255,"remaining_time":0.005277733173},
{"learn":[0.5957160606],"iteration":98,"passed_time":0.263388115,"remaining_time":0.00266048601},
{"learn":[0.5911287016],"iteration":99,"passed_time":0.2645252292,"remaining_time":0}
]}